{"baby products": {"precision": 0.8923449431924009, "recall": 0.8499201703033529, "f1-score": 0.8706160276212974, "support": 5637}, "beauty": {"precision": 0.8848766535573829, "recall": 0.8467328087581252, "f1-score": 0.8653846153846153, "support": 5846}, "grocery gourmet food": {"precision": 0.9113589668329909, "recall": 0.8584462261542715, "f1-score": 0.8841116173120729, "support": 3617}, "health personal care": {"precision": 0.8043723024957778, "recall": 0.8773024969300041, "f1-score": 0.8392559960841899, "support": 9772}, "pet supplies": {"precision": 0.9362917398945518, "recall": 0.8765939942410531, "f1-score": 0.9054599532611006, "support": 4862}, "toys games": {"precision": 0.9145873320537428, "recall": 0.9283070329242159, "f1-score": 0.9213961133133519, "support": 10266}, "accuracy": 0.880275, "macro avg": {"precision": 0.8906386563378078, "recall": 0.8728837882185037, "f1-score": 0.8810373871627714, "support": 40000}, "weighted avg": {"precision": 0.8825313218681682, "recall": 0.880275, "f1-score": 0.8806785278705632, "support": 40000}}